{
    "name": "PHI-CL",
    "version": "2.0.1",
    "factorio_version": "1.1",
    "date": "2024-06-22",
    "title": "Phidias Collection",
    "author": "PHIDIAS0303",
    "contributers": "",
    "homepage": "",
    "description": "Additional compound entities and items\nPower item like solar panel, accumulator\nWeapon like laser turret\nPersonal Equipment like fusion reactor\nRecipe scaling\nWater pump placement anywhere",
    "dependencies": [
        "base >= 1.1.0",
        "? aai-industry >= 0.5.0",
        "? Krastorio2 >= 1.3.0",
        "? space-exploration >= 0.6.0",
        "? angelsrefining >= 0.12.0",
        "? Atomic_Overhaul >= 1.3.0" 
    ]
}